isin,custom_sector,custom_industry,custom_subindustry,classification_source,valid_from,valid_to
INE2FMX01012,Consumer,Textiles,Other Textile Products,manual_review,,
INE666E01020,Materials,Construction Materials,Cement & Cement Products,manual_review,,
INE757T01025,Industrials,Electrical Equipment,Other Electrical Equipment,manual_review,,
INE692Z01013,Industrials,Industrial Products,Industrial Products,manual_review,,
INE916Y01027,Financials,NBFC & Lending,NBFC,manual_review,,
INE449G01018,Agriculture,Agriculture,Other Agricultural Products,manual_review,,
INE737W01013,Infrastructure,Construction,Civil Construction,manual_review,,
INE00Y801016,Industrials,Distribution & Trading,Trading & Distributors,manual_review,,
INE256Z01025,Materials,Chemicals,Dyes & Pigments,manual_review,,
INE773I01017,Materials,Chemicals,Specialty Chemicals,manual_review,,
INE385I01010,Healthcare,Pharmaceuticals,Pharmaceuticals,manual_review,,
INE841D01013,Materials,Chemicals,Specialty Chemicals,manual_review,,
INE540G01014,Consumer,Textiles,Other Textile Products,manual_review,,
INE294Z01018,Financials,NBFC & Lending,NBFC,manual_review,,
INE372M01010,Materials,Chemicals,Commodity Chemicals,manual_review,,
INE413D01011,Real Estate,Real Estate Development,Residential & Commercial Projects,manual_review,,
INE006Z01016,Materials,Chemicals,Specialty Chemicals,manual_review,,
INE032E01017,Financials,NBFC & Lending,NBFC,manual_review,,
INE900C01027,Consumer,Beverages,Breweries & Distilleries,manual_review,,
INE365D01021,Real Estate,Real Estate Development,Residential & Commercial Projects,manual_review,,
INE442H01029,Infrastructure,Construction,Civil Construction,manual_review,,
INE194D01017,Consumer,Luxury & Lifestyle,"Gems, Jewellery & Watches",manual_review,,
INE646X01014,Materials,Paper & Forest Products,Paper & Paper Products,manual_review,,
INE09KD01013,Industrials,Industrial Products,Industrial Products,manual_review,,
INE142K01011,Consumer,Luxury & Lifestyle,"Gems, Jewellery & Watches",manual_review,,
INE680Z01018,Transportation,Logistics,Logistics Services,manual_review,,
INE0S2G01011,Industrials,Industrial Products,Packaging,manual_review,,
INE875R01011,Materials,Paper & Forest Products,Paper & Paper Products,manual_review,,
INE863I01016,Consumer,Apparel & Lifestyle,Garments & Apparels,manual_review,,
INE862Y01015,Infrastructure,Construction,Civil Construction,manual_review,,
INE464A01036,Industrials,Electrical Equipment,Heavy Electrical Equipment,manual_review,,
INE00SW01015,Infrastructure,Construction,Civil Construction,manual_review,,
INE351Y01019,Healthcare,Pharmaceuticals,Pharmaceuticals,manual_review,,
INE469A01019,Consumer,Auto Components,Auto Components & Equipment,manual_review,,
INE594B01012,Consumer,Textiles,Other Textile Products,manual_review,,
INE139I01011,Materials,Construction Materials,Cement & Cement Products,manual_review,,
INE526B01014,Technology,IT & Digital Services,Software & Consulting,manual_review,,
INE995D01025,Materials,Chemicals,Specialty Chemicals,manual_review,,
INE03YM01018,Materials,Chemicals,Specialty Chemicals,manual_review,,
INE559D01011,Financials,NBFC & Lending,NBFC,manual_review,,
INE491V01019,Industrials,Industrial Products,Industrial Products,manual_review,,
INE0ZK601013,Technology,IT & Digital Services,Software & Consulting,manual_review,,
INE627H01017,Technology,IT & Digital Services,Software & Consulting,manual_review,,
INE214A01019,Technology,IT & Digital Services,Software & Consulting,manual_review,,
INE498A01018,Diversified,Diversified,Diversified Businesses,manual_review,,
INE00IY01012,Materials,Chemicals,Specialty Chemicals,manual_review,,
INE060X01034,Technology,IT & Digital Services,IT Enabled Services,manual_review,,
INE278R01034,Real Estate,Real Estate Development,Residential & Commercial Projects,manual_review,,
INE0JHH01011,Agriculture,Food & Agro,Sugar,manual_review,,
INE741L01018,Industrials,Industrial Products,Industrial Products,manual_review,,
INE256H01015,Materials,Chemicals,Specialty Chemicals,manual_review,,
INE184H01027,Industrials,Industrial Products,Industrial Products,manual_review,,
INE406M01024,Healthcare,Pharmaceuticals,Pharmaceuticals,manual_review,,
INE225B01021,Healthcare,Pharmaceuticals,Pharmaceuticals,manual_review,,
INE224E01028,Financials,Financial Services,Other Financial Services,manual_review,,
INE581X01021,Infrastructure,Construction,Civil Construction,manual_review,,
INE934S01014,Consumer,Auto Components,Auto Components & Equipment,manual_review,,
INE382T01030,Technology,IT & Digital Services,Software & Consulting,manual_review,,
INE550F01049,Infrastructure,Construction,Civil Construction,manual_review,,
INE106T01025,Industrials,Industrial Products,Packaging,manual_review,,
INE495S01016,Industrials,Industrial Products,Industrial Products,manual_review,,
INE886A01014,Real Estate,Real Estate Development,Residential & Commercial Projects,manual_review,,
INE369I01014,Infrastructure,Construction,Civil Construction,manual_review,,
INE975G01012,Infrastructure,Construction,Civil Construction,manual_review,,
INE841B01017,Financials,Capital Markets,Stockbroking & Allied,manual_review,,
INE716F01012,Materials,Chemicals,Specialty Chemicals,manual_review,,
INE478D01014,Industrials,Industrial Products,Industrial Products,manual_review,,
INE056801025,Technology,IT & Digital Services,IT Enabled Services,manual_review,,
INE043C01018,Materials,Chemicals,Specialty Chemicals,manual_review,,
INE039O01029,Industrials,Industrial Products,Industrial Products,manual_review,,
INE390H01020,Materials,Metals,Iron & Steel Products,manual_review,,
INE234I01028,Consumer,Travel & Hospitality,Hotels & Resorts,manual_review,,
INE080B01012,Agriculture,Agriculture,Other Agricultural Products,manual_review,,
INE552U01010,Healthcare,Pharmaceuticals,Pharmaceuticals,manual_review,,
INE0QN801017,Industrials,Commercial Services,Diversified Commercial Services,manual_review,,
INE740X01023,Consumer,Luxury & Lifestyle,"Gems, Jewellery & Watches",manual_review,,
INE850E01012,Financials,Investment Companies,Investment Companies,manual_review,,
INE015D01022,Materials,Metals,Iron & Steel Products,manual_review,,
INE584F01014,Healthcare,Pharmaceuticals,Pharmaceuticals,manual_review,,
INE415B01044,Industrials,Electrical Equipment,Heavy Electrical Equipment,manual_review,,
INE885E01042,Industrials,Industrial Products,Industrial Products,manual_review,,
INE630Y01024,Healthcare,Pharmaceuticals,Pharmaceuticals,manual_review,,
INE689O01013,Industrials,Commercial Services,Diversified Commercial Services,manual_review,,
INE997Y01027,Consumer,Apparel & Lifestyle,Garments & Apparels,manual_review,,
INE0L0L01012,Industrials,Electrical Equipment,Other Electrical Equipment,manual_review,,
INE829S01016,Financials,NBFC & Lending,NBFC,manual_review,,
INE875G01048,Financials,Financial Services,Other Financial Services,manual_review,,
INE553C01016,Transportation,Logistics,Logistics Services,manual_review,,
INE236Y01012,Consumer,Food & Beverages,Packaged Foods,manual_review,,
INE368I01016,Infrastructure,Construction,Civil Construction,manual_review,,
INE959C01023,Materials,Chemicals,Specialty Chemicals,manual_review,,
INE013P01021,Healthcare,Pharmaceuticals,Pharmaceuticals,manual_review,,
INE04LG01015,Agriculture,Agri Inputs,Fertilizers,manual_review,,
INE932A01024,Industrials,Industrial Products,Industrial Products,manual_review,,
INE560K01014,Financials,NBFC & Lending,NBFC,manual_review,,
INE914G01029,Industrials,Industrial Products,Packaging,manual_review,,
INE342A01018,Industrials,Electrical Equipment,Other Electrical Equipment,manual_review,,
INE286N01028,Industrials,Distribution & Trading,Trading & Distributors,manual_review,,
INE034D01049,Industrials,Commercial Services,Diversified Commercial Services,manual_review,,
INE362A01016,Real Estate,Real Estate Development,Residential & Commercial Projects,manual_review,,
INE451D01029,Consumer,Auto Components,Auto Components & Equipment,manual_review,,
INE375Y01018,Financials,Financial Services,Other Financial Services,manual_review,,
INE364Z01019,Infrastructure,Construction,Civil Construction,manual_review,,
INE508K01013,Consumer,Travel & Hospitality,Hotels & Resorts,manual_review,,
INE302D01024,Industrials,Electrical Equipment,Other Electrical Equipment,manual_review,,
INE655V01019,Industrials,Electrical Equipment,Other Electrical Equipment,manual_review,,
INE050H01012,Consumer,Auto Components,Auto Components & Equipment,manual_review,,
INE313L01016,Materials,Metals,Iron & Steel Products,manual_review,,
INE027T01023,Materials,Metals,Iron & Steel Products,manual_review,,
INE902B01017,Consumer,Auto Components,Auto Components & Equipment,manual_review,,
INE137M01017,Infrastructure,Construction,Civil Construction,manual_review,,
INE226H01026,Infrastructure,Construction,Civil Construction,manual_review,,
INE170V01027,Industrials,Industrial Products,Industrial Products,manual_review,,
INE058A01010,Healthcare,Pharmaceuticals,Pharmaceuticals,manual_review,,
INE964H01014,Infrastructure,Construction,Civil Construction,manual_review,,
INE618R01015,Financials,NBFC & Lending,NBFC,manual_review,,
INE353H01010,Technology,IT & Digital Services,IT Enabled Services,manual_review,,
INE482J01021,Materials,Metals,Iron & Steel Products,manual_review,,
INE933X01016,Consumer,Luxury & Lifestyle,"Gems, Jewellery & Watches",manual_review,,
INE500L01026,Materials,Chemicals,Specialty Chemicals,manual_review,,
INE715Y01031,Real Estate,Real Estate Development,Residential & Commercial Projects,manual_review,,
INE0A0S01028,Industrials,Aerospace & Defence,Aerospace & Defence,manual_review,,
INE01II01013,Consumer,Luxury & Lifestyle,"Gems, Jewellery & Watches",manual_review,,
INE284S01014,Consumer,Auto Components,Auto Components & Equipment,manual_review,,
INE017W01010,Materials,Metals,Iron & Steel Products,manual_review,,
INE728Z01015,Technology,IT & Digital Services,Software & Consulting,manual_review,,
INE624Z01016,Healthcare,Pharmaceuticals,Pharmaceuticals,manual_review,,
INE321M01017,Financials,NBFC & Lending,NBFC,manual_review,,
INE232I01014,Healthcare,Pharmaceuticals,Pharmaceuticals,manual_review,,
INE0R6Z01013,Infrastructure,Construction,Civil Construction,manual_review,,
INE939A01011,Financials,Insurance,General Insurance,manual_review,,
INE748Z01013,Real Estate,Real Estate Development,Residential & Commercial Projects,manual_review,,
INE822E01011,Industrials,Industrial Products,Industrial Plastics,manual_review,,
INE07RO01027,Healthcare,Pharmaceuticals,Pharmaceuticals,manual_review,,
INE132C01027,Consumer,Textiles,Other Textile Products,manual_review,,
INE0GMR01016,Industrials,Industrial Machinery,"Compressors, Pumps & Engines",manual_review,,
INE0EK901012,Real Estate,Real Estate Development,Residential & Commercial Projects,manual_review,,
INE804H01012,Financials,NBFC & Lending,NBFC,manual_review,,
INE388G01026,Infrastructure,Construction,Civil Construction,manual_review,,
INE336X01012,Transportation,Logistics,Logistics Services,manual_review,,
INE330E01023,Financials,Financial Services,Other Financial Services,manual_review,,
INE391D01019,Industrials,Industrial Products,Industrial Products,manual_review,,
INE615R01029,Agriculture,Agriculture,Other Agricultural Products,manual_review,,
INE592B01024,Consumer,Textiles,Other Textile Products,manual_review,,
INE139B01016,Consumer,Auto Components,Auto Components & Equipment,manual_review,,
INE694A01020,Real Estate,Real Estate Development,Residential & Commercial Projects,manual_review,,
INE550C01020,Industrials,Electrical Equipment,Other Electrical Equipment,manual_review,,
INE0N0Y01013,Infrastructure,Construction,Civil Construction,manual_review,,
INE098201036,Consumer,Apparel & Lifestyle,Garments & Apparels,manual_review,,
INE273D01027,Consumer,Textiles,Other Textile Products,manual_review,,
INE01R501028,Infrastructure,Construction,Civil Construction,manual_review,,
INE0L4K01016,Materials,Chemicals,Specialty Chemicals,manual_review,,
INE715A01015,Consumer,Auto Components,Auto Components & Equipment,manual_review,,
INE100D01014,Infrastructure,Construction,Civil Construction,manual_review,,
INE290E01011,Financials,NBFC & Lending,NBFC,manual_review,,
INE318D01020,Materials,Metals,Iron & Steel Products,manual_review,,
INE761Y01019,Infrastructure,Construction,Civil Construction,manual_review,,
